-1.4252653e+37,1.4252653e+37,-1.4252653e+37,quadratic_two_complex,(0.5-0.8660254037844386j),(0.5+0.8660254037844386j)
-2.8505307e+37,-2.8505307e+37,-2.8505307e+37,quadratic_two_complex,(-0.5-0.8660254037844386j),(-0.5+0.8660254037844386j)
-7.1263267e+36,-7.1263267e+36,-7.1263267e+36,quadratic_two_complex,(-0.5-0.8660254037844386j),(-0.5+0.8660254037844386j)
-1.4252653e+38,-1.4252653e+38,-1.4252653e+38,quadratic_two_complex,(-0.5-0.8660254037844387j),(-0.5+0.8660254037844387j)
1.4252653e+37,1.4252653e+37,1.4252653e+37,quadratic_two_complex,(-0.5+0.8660254037844386j),(-0.5-0.8660254037844386j)
1.4252654e+36,1.4252654e+36,1.4252654e+36,quadratic_two_complex,(-0.5+0.8660254037844386j),(-0.5-0.8660254037844386j)
-1.4252653e+37,1.4252653e+37,-0.8052455044658633,quadratic_two_real,-0.0,1.0
-2.8505307e+37,-2.8505307e+37,-1.6104910089317266,quadratic_two_real,-1.0,-0.0
-7.1263267e+36,-7.1263267e+36,-0.40262275223293165,quadratic_two_real,-1.0,-0.0
-1.4252653e+38,-1.4252653e+38,-8.052455044658632,quadratic_two_real,-1.0,-0.0
1.4252653e+37,1.4252653e+37,0.8052455044658633,quadratic_two_real,0.0,-1.0
1.4252654e+36,1.4252654e+36,0.08052455044658634,quadratic_two_real,0.0,-1.0
-1.4252653e+37,1.4252653e+37,0.0,quadratic_two_real,-0.0,1.0
-2.8505307e+37,-2.8505307e+37,0.0,quadratic_two_real,-1.0,-0.0
-7.1263267e+36,-7.1263267e+36,0.0,quadratic_two_real,-1.0,-0.0
-1.4252653e+38,-1.4252653e+38,0.0,quadratic_two_real,-1.0,-0.0
1.4252653e+37,1.4252653e+37,-0.0,quadratic_two_real,0.0,-1.0
1.4252654e+36,1.4252654e+36,-0.0,quadratic_two_real,0.0,-1.0
-1.4252653e+37,1.4252653e+37,0.9652511070611112,quadratic_two_real,-0.0,1.0
-2.8505307e+37,-2.8505307e+37,1.9305022141222223,quadratic_two_real,-1.0,-0.0
-7.1263267e+36,-7.1263267e+36,0.4826255535305556,quadratic_two_real,-1.0,-0.0
-1.4252653e+38,-1.4252653e+38,9.652511070611112,quadratic_two_real,-1.0,-0.0
1.4252653e+37,1.4252653e+37,-0.9652511070611112,quadratic_two_real,0.0,-1.0
1.4252654e+36,1.4252654e+36,-0.09652511070611113,quadratic_two_real,0.0,-1.0
-1.4252653e+37,1.4252653e+37,3.1441287e+37,quadratic_two_real,-1.0671615559654009,2.067161555965401
-2.8505307e+37,-2.8505307e+37,6.2882574e+37,quadratic_two_real,-2.067161555965401,1.0671615559654009
-7.1263267e+36,-7.1263267e+36,1.5720643e+37,quadratic_two_real,-2.067161555965401,1.0671615559654009
-1.4252653e+38,-1.4252653e+38,3.1441286e+38,quadratic_two_real,-2.0671615571344892,1.0671615571344895
1.4252653e+37,1.4252653e+37,-3.1441287e+37,quadratic_two_real,1.0671615559654009,-2.067161555965401
1.4252654e+36,1.4252654e+36,-3.1441287e+36,quadratic_two_real,1.0671615545040398,-2.06716155450404
-1.4252653e+37,0.8052455044658633,-1.4252653e+37,quadratic_two_complex,(2.8248968327980004e-38-1j),(2.8248968327980004e-38+1j)
-2.8505307e+37,-1.6104910089317266,-2.8505307e+37,quadratic_two_complex,(-2.8248968327980004e-38-1j),(-2.8248968327980004e-38+1j)
-7.1263267e+36,-0.40262275223293165,-7.1263267e+36,quadratic_two_complex,(-2.8248968327980004e-38-1j),(-2.8248968327980004e-38+1j)
-1.4252653e+38,-8.052455044658632,-1.4252653e+38,quadratic_two_complex,(-2.8248968830480436e-38-1j),(-2.8248968830480436e-38+1j)
1.4252653e+37,0.8052455044658633,1.4252653e+37,quadratic_two_complex,(-2.8248968327980004e-38+1j),(-2.8248968327980004e-38-1j)
1.4252654e+36,0.08052455044658634,1.4252654e+36,quadratic_two_complex,(-2.8248967699854493e-38+1j),(-2.8248967699854493e-38-1j)
-1.4252653e+37,0.8052455044658633,-0.8052455044658633,quadratic_two_complex,(2.8248968327980004e-38-2.3769294616365885e-19j),(2.8248968327980004e-38+2.3769294616365885e-19j)
-2.8505307e+37,-1.6104910089317266,-1.6104910089317266,quadratic_two_complex,(-2.8248968327980004e-38-2.3769294616365885e-19j),(-2.8248968327980004e-38+2.3769294616365885e-19j)
-7.1263267e+36,-0.40262275223293165,-0.40262275223293165,quadratic_two_complex,(-2.8248968327980004e-38-2.3769294616365885e-19j),(-2.8248968327980004e-38+2.3769294616365885e-19j)
-1.4252653e+38,-8.052455044658632,-8.052455044658632,quadratic_two_complex,(-2.8248968830480436e-38-2.3769294827773265e-19j),(-2.8248968830480436e-38+2.3769294827773265e-19j)
1.4252653e+37,0.8052455044658633,0.8052455044658633,quadratic_two_complex,(-2.8248968327980004e-38+2.3769294616365885e-19j),(-2.8248968327980004e-38-2.3769294616365885e-19j)
1.4252654e+36,0.08052455044658634,0.08052455044658634,quadratic_two_complex,(-2.8248967699854493e-38+2.376929435210667e-19j),(-2.8248967699854493e-38-2.376929435210667e-19j)
-1.4252653e+37,0.8052455044658633,0.0,quadratic_two_real,-0.0,5.649793665596001e-38
-2.8505307e+37,-1.6104910089317266,0.0,quadratic_two_real,-5.649793665596001e-38,-0.0
-7.1263267e+36,-0.40262275223293165,0.0,quadratic_two_real,-5.649793665596001e-38,-0.0
-1.4252653e+38,-8.052455044658632,0.0,quadratic_two_real,-5.649793766096087e-38,-0.0
1.4252653e+37,0.8052455044658633,-0.0,quadratic_two_real,0.0,-5.649793665596001e-38
1.4252654e+36,0.08052455044658634,-0.0,quadratic_two_real,0.0,-5.649793539970899e-38
-1.4252653e+37,0.8052455044658633,0.9652511070611112,quadratic_two_real,-2.602389472557357e-19,2.602389472557357e-19
-2.8505307e+37,-1.6104910089317266,1.9305022141222223,quadratic_two_real,-2.602389472557357e-19,2.602389472557357e-19
-7.1263267e+36,-0.40262275223293165,0.4826255535305556,quadratic_two_real,-2.602389472557357e-19,2.602389472557357e-19
-1.4252653e+38,-8.052455044658632,9.652511070611112,quadratic_two_real,-2.602389495703367e-19,2.602389495703367e-19
1.4252653e+37,0.8052455044658633,-0.9652511070611112,quadratic_two_real,2.602389472557357e-19,-2.602389472557357e-19
1.4252654e+36,0.08052455044658634,-0.09652511070611113,quadratic_two_real,2.6023894436248454e-19,-2.6023894436248454e-19
-1.4252653e+37,0.8052455044658633,3.1441287e+37,quadratic_two_real,-1.4852593519301254,1.4852593519301254
-2.8505307e+37,-1.6104910089317266,6.2882574e+37,quadratic_two_real,-1.4852593519301254,1.4852593519301254
-7.1263267e+36,-0.40262275223293165,1.5720643e+37,quadratic_two_real,-1.4852593519301254,1.4852593519301254
-1.4252653e+38,-8.052455044658632,3.1441286e+38,quadratic_two_real,-1.4852593531636815,1.4852593531636815
1.4252653e+37,0.8052455044658633,-3.1441287e+37,quadratic_two_real,1.4852593519301254,-1.4852593519301254
1.4252654e+36,0.08052455044658634,-3.1441287e+36,quadratic_two_real,1.4852593503881801,-1.4852593503881801
-1.4252653e+37,-0.0,-1.4252653e+37,quadratic_two_complex,(-0-1j),(-0+1j)
-2.8505307e+37,0.0,-2.8505307e+37,quadratic_two_complex,(-0-1j),(-0+1j)
-7.1263267e+36,0.0,-7.1263267e+36,quadratic_two_complex,(-0-1j),(-0+1j)
-1.4252653e+38,0.0,-1.4252653e+38,quadratic_two_complex,(-0-1j),(-0+1j)
1.4252653e+37,-0.0,1.4252653e+37,quadratic_two_complex,1j,-1j
1.4252654e+36,-0.0,1.4252654e+36,quadratic_two_complex,1j,-1j
-1.4252653e+37,-0.0,-0.8052455044658633,quadratic_two_complex,(-0-2.3769294616365885e-19j),(-0+2.3769294616365885e-19j)
-2.8505307e+37,0.0,-1.6104910089317266,quadratic_two_complex,(-0-2.3769294616365885e-19j),(-0+2.3769294616365885e-19j)
-7.1263267e+36,0.0,-0.40262275223293165,quadratic_two_complex,(-0-2.3769294616365885e-19j),(-0+2.3769294616365885e-19j)
-1.4252653e+38,0.0,-8.052455044658632,quadratic_two_complex,(-0-2.3769294827773265e-19j),(-0+2.3769294827773265e-19j)
1.4252653e+37,-0.0,0.8052455044658633,quadratic_two_complex,2.3769294616365885e-19j,-2.3769294616365885e-19j
1.4252654e+36,-0.0,0.08052455044658634,quadratic_two_complex,2.376929435210667e-19j,-2.376929435210667e-19j
-1.4252653e+37,-0.0,0.0,quadratic_one_real,-0.0,N/A
-2.8505307e+37,0.0,0.0,quadratic_one_real,0.0,N/A
-7.1263267e+36,0.0,0.0,quadratic_one_real,0.0,N/A
-1.4252653e+38,0.0,0.0,quadratic_one_real,0.0,N/A
1.4252653e+37,-0.0,-0.0,quadratic_one_real,0.0,N/A
1.4252654e+36,-0.0,-0.0,quadratic_one_real,0.0,N/A
-1.4252653e+37,-0.0,0.9652511070611112,quadratic_two_real,-2.602389472557357e-19,2.602389472557357e-19
-2.8505307e+37,0.0,1.9305022141222223,quadratic_two_real,-2.602389472557357e-19,2.602389472557357e-19
-7.1263267e+36,0.0,0.4826255535305556,quadratic_two_real,-2.602389472557357e-19,2.602389472557357e-19
-1.4252653e+38,0.0,9.652511070611112,quadratic_two_real,-2.602389495703367e-19,2.602389495703367e-19
1.4252653e+37,-0.0,-0.9652511070611112,quadratic_two_real,2.602389472557357e-19,-2.602389472557357e-19
1.4252654e+36,-0.0,-0.09652511070611113,quadratic_two_real,2.6023894436248454e-19,-2.6023894436248454e-19
-1.4252653e+37,-0.0,3.1441287e+37,quadratic_two_real,-1.4852593519301254,1.4852593519301254
-2.8505307e+37,0.0,6.2882574e+37,quadratic_two_real,-1.4852593519301254,1.4852593519301254
-7.1263267e+36,0.0,1.5720643e+37,quadratic_two_real,-1.4852593519301254,1.4852593519301254
-1.4252653e+38,0.0,3.1441286e+38,quadratic_two_real,-1.4852593531636815,1.4852593531636815
1.4252653e+37,-0.0,-3.1441287e+37,quadratic_two_real,1.4852593519301254,-1.4852593519301254
1.4252654e+36,-0.0,-3.1441287e+36,quadratic_two_real,1.4852593503881801,-1.4852593503881801
-1.4252653e+37,-0.9652511070611112,-1.4252653e+37,quadratic_two_complex,(-3.3862154834386795e-38-1j),(-3.3862154834386795e-38+1j)
-2.8505307e+37,1.9305022141222223,-2.8505307e+37,quadratic_two_complex,(3.3862154834386795e-38-1j),(3.3862154834386795e-38+1j)
-7.1263267e+36,0.4826255535305556,-7.1263267e+36,quadratic_two_complex,(3.3862154834386795e-38-1j),(3.3862154834386795e-38+1j)
-1.4252653e+38,9.652511070611112,-1.4252653e+38,quadratic_two_complex,(3.386215543673614e-38-1j),(3.386215543673614e-38+1j)
1.4252653e+37,-0.9652511070611112,1.4252653e+37,quadratic_two_complex,(3.3862154834386795e-38+1j),(3.3862154834386795e-38-1j)
1.4252654e+36,-0.09652511070611113,1.4252654e+36,quadratic_two_complex,(3.386215408145015e-38+1j),(3.386215408145015e-38-1j)
-1.4252653e+37,-0.9652511070611112,-0.8052455044658633,quadratic_two_complex,(-3.3862154834386795e-38-2.3769294616365885e-19j),(-3.3862154834386795e-38+2.3769294616365885e-19j)
-2.8505307e+37,1.9305022141222223,-1.6104910089317266,quadratic_two_complex,(3.3862154834386795e-38-2.3769294616365885e-19j),(3.3862154834386795e-38+2.3769294616365885e-19j)
-7.1263267e+36,0.4826255535305556,-0.40262275223293165,quadratic_two_complex,(3.3862154834386795e-38-2.3769294616365885e-19j),(3.3862154834386795e-38+2.3769294616365885e-19j)
-1.4252653e+38,9.652511070611112,-8.052455044658632,quadratic_two_complex,(3.386215543673614e-38-2.3769294827773265e-19j),(3.386215543673614e-38+2.3769294827773265e-19j)
1.4252653e+37,-0.9652511070611112,0.8052455044658633,quadratic_two_complex,(3.3862154834386795e-38+2.3769294616365885e-19j),(3.3862154834386795e-38-2.3769294616365885e-19j)
1.4252654e+36,-0.09652511070611113,0.08052455044658634,quadratic_two_complex,(3.386215408145015e-38+2.376929435210667e-19j),(3.386215408145015e-38-2.376929435210667e-19j)
-1.4252653e+37,-0.9652511070611112,0.0,quadratic_two_real,-6.772430966877359e-38,-0.0
-2.8505307e+37,1.9305022141222223,0.0,quadratic_two_real,-0.0,6.772430966877359e-38
-7.1263267e+36,0.4826255535305556,0.0,quadratic_two_real,-0.0,6.772430966877359e-38
-1.4252653e+38,9.652511070611112,0.0,quadratic_two_real,-0.0,6.772431087347228e-38
1.4252653e+37,-0.9652511070611112,-0.0,quadratic_two_real,6.772430966877359e-38,0.0
1.4252654e+36,-0.09652511070611113,-0.0,quadratic_two_real,6.77243081629003e-38,0.0
-1.4252653e+37,-0.9652511070611112,0.9652511070611112,quadratic_two_real,-2.602389472557357e-19,2.602389472557357e-19
-2.8505307e+37,1.9305022141222223,1.9305022141222223,quadratic_two_real,-2.602389472557357e-19,2.602389472557357e-19
-7.1263267e+36,0.4826255535305556,0.4826255535305556,quadratic_two_real,-2.602389472557357e-19,2.602389472557357e-19
-1.4252653e+38,9.652511070611112,9.652511070611112,quadratic_two_real,-2.602389495703367e-19,2.602389495703367e-19
1.4252653e+37,-0.9652511070611112,-0.9652511070611112,quadratic_two_real,2.602389472557357e-19,-2.602389472557357e-19
1.4252654e+36,-0.09652511070611113,-0.09652511070611113,quadratic_two_real,2.6023894436248454e-19,-2.6023894436248454e-19
-1.4252653e+37,-0.9652511070611112,3.1441287e+37,quadratic_two_real,-1.4852593519301254,1.4852593519301254
-2.8505307e+37,1.9305022141222223,6.2882574e+37,quadratic_two_real,-1.4852593519301254,1.4852593519301254
-7.1263267e+36,0.4826255535305556,1.5720643e+37,quadratic_two_real,-1.4852593519301254,1.4852593519301254
-1.4252653e+38,9.652511070611112,3.1441286e+38,quadratic_two_real,-1.4852593531636815,1.4852593531636815
1.4252653e+37,-0.9652511070611112,-3.1441287e+37,quadratic_two_real,1.4852593519301254,-1.4852593519301254
1.4252654e+36,-0.09652511070611113,-3.1441287e+36,quadratic_two_real,1.4852593503881801,-1.4852593503881801
-1.4252653e+37,-3.1441287e+37,-1.4252653e+37,quadratic_two_real,-1.5684048722863466,-0.6375904702095494
-2.8505307e+37,6.2882574e+37,-2.8505307e+37,quadratic_two_real,0.6375904702095494,1.5684048722863466
-7.1263267e+36,1.5720643e+37,-7.1263267e+36,quadratic_two_real,0.6375904702095494,1.5684048722863466
-1.4252653e+38,3.1441286e+38,-1.4252653e+38,quadratic_two_real,0.6375904676995711,1.568404878460627
1.4252653e+37,-3.1441287e+37,1.4252653e+37,quadratic_two_real,1.5684048722863466,0.6375904702095494
1.4252654e+36,-3.1441287e+36,1.4252654e+36,quadratic_two_real,1.5684048645684967,0.6375904733470221
-1.4252653e+37,-3.1441287e+37,-0.8052455044658633,quadratic_two_real,-2.2059953424958962,-0.0
-2.8505307e+37,6.2882574e+37,-1.6104910089317266,quadratic_two_real,-0.0,2.2059953424958962
-7.1263267e+36,1.5720643e+37,-0.40262275223293165,quadratic_two_real,-0.0,2.2059953424958962
-1.4252653e+38,3.1441286e+38,-8.052455044658632,quadratic_two_real,-0.0,2.205995346160198
1.4252653e+37,-3.1441287e+37,0.8052455044658633,quadratic_two_real,2.2059953424958962,0.0
1.4252654e+36,-3.1441287e+36,0.08052455044658634,quadratic_two_real,2.205995337915519,0.0
-1.4252653e+37,-3.1441287e+37,0.0,quadratic_two_real,-2.2059953424958962,-0.0
-2.8505307e+37,6.2882574e+37,0.0,quadratic_two_real,-0.0,2.2059953424958962
-7.1263267e+36,1.5720643e+37,0.0,quadratic_two_real,-0.0,2.2059953424958962
-1.4252653e+38,3.1441286e+38,0.0,quadratic_two_real,-0.0,2.205995346160198
1.4252653e+37,-3.1441287e+37,-0.0,quadratic_two_real,2.2059953424958962,0.0
1.4252654e+36,-3.1441287e+36,-0.0,quadratic_two_real,2.205995337915519,0.0
-1.4252653e+37,-3.1441287e+37,0.9652511070611112,quadratic_two_real,-2.2059953424958962,-0.0
-2.8505307e+37,6.2882574e+37,1.9305022141222223,quadratic_two_real,-0.0,2.2059953424958962
-7.1263267e+36,1.5720643e+37,0.4826255535305556,quadratic_two_real,-0.0,2.2059953424958962
-1.4252653e+38,3.1441286e+38,9.652511070611112,quadratic_two_real,-0.0,2.205995346160198
1.4252653e+37,-3.1441287e+37,-0.9652511070611112,quadratic_two_real,2.2059953424958962,0.0
1.4252654e+36,-3.1441287e+36,-0.09652511070611113,quadratic_two_real,2.205995337915519,0.0
-1.4252653e+37,-3.1441287e+37,3.1441287e+37,quadratic_two_real,-2.95302448328995,0.7470291407940539
-2.8505307e+37,6.2882574e+37,6.2882574e+37,quadratic_two_real,-0.7470291407940539,2.95302448328995
-7.1263267e+36,1.5720643e+37,1.5720643e+37,quadratic_two_real,-0.7470291407940539,2.95302448328995
-1.4252653e+38,3.1441286e+38,3.1441286e+38,quadratic_two_real,-0.7470291410445804,2.9530244872047784
1.4252653e+37,-3.1441287e+37,-3.1441287e+37,quadratic_two_real,2.95302448328995,-0.7470291407940539
1.4252654e+36,-3.1441287e+36,-3.1441287e+36,quadratic_two_real,2.9530244783964146,-0.7470291404808956
-0.8052455044658633,1.4252653e+37,-1.4252653e+37,quadratic_two_real,-0.0,1.769976142826995e+37
-1.6104910089317266,-2.8505307e+37,-2.8505307e+37,quadratic_two_real,-1.769976142826995e+37,-0.0
-0.40262275223293165,-7.1263267e+36,-7.1263267e+36,quadratic_two_real,-1.769976142826995e+37,-0.0
-8.052455044658632,-1.4252653e+38,-1.4252653e+38,quadratic_two_real,-1.7699761113421725e+37,-0.0
0.8052455044658633,1.4252653e+37,1.4252653e+37,quadratic_two_real,0.0,-1.769976142826995e+37
0.08052455044658634,1.4252654e+36,1.4252654e+36,quadratic_two_real,0.0,-1.7699761821830235e+37
-0.8052455044658633,1.4252653e+37,-0.8052455044658633,quadratic_two_real,-0.0,1.769976142826995e+37
-1.6104910089317266,-2.8505307e+37,-1.6104910089317266,quadratic_two_real,-1.769976142826995e+37,-0.0
-0.40262275223293165,-7.1263267e+36,-0.40262275223293165,quadratic_two_real,-1.769976142826995e+37,-0.0
-8.052455044658632,-1.4252653e+38,-8.052455044658632,quadratic_two_real,-1.7699761113421725e+37,-0.0
0.8052455044658633,1.4252653e+37,0.8052455044658633,quadratic_two_real,0.0,-1.769976142826995e+37
0.08052455044658634,1.4252654e+36,0.08052455044658634,quadratic_two_real,0.0,-1.7699761821830235e+37
-0.8052455044658633,1.4252653e+37,0.0,quadratic_two_real,-0.0,1.769976142826995e+37
-1.6104910089317266,-2.8505307e+37,0.0,quadratic_two_real,-1.769976142826995e+37,-0.0
-0.40262275223293165,-7.1263267e+36,0.0,quadratic_two_real,-1.769976142826995e+37,-0.0
-8.052455044658632,-1.4252653e+38,0.0,quadratic_two_real,-1.7699761113421725e+37,-0.0
0.8052455044658633,1.4252653e+37,-0.0,quadratic_two_real,0.0,-1.769976142826995e+37
0.08052455044658634,1.4252654e+36,-0.0,quadratic_two_real,0.0,-1.7699761821830235e+37
-0.8052455044658633,1.4252653e+37,0.9652511070611112,quadratic_two_real,-0.0,1.769976142826995e+37
-1.6104910089317266,-2.8505307e+37,1.9305022141222223,quadratic_two_real,-1.769976142826995e+37,-0.0
-0.40262275223293165,-7.1263267e+36,0.4826255535305556,quadratic_two_real,-1.769976142826995e+37,-0.0
-8.052455044658632,-1.4252653e+38,9.652511070611112,quadratic_two_real,-1.7699761113421725e+37,-0.0
0.8052455044658633,1.4252653e+37,-0.9652511070611112,quadratic_two_real,0.0,-1.769976142826995e+37
0.08052455044658634,1.4252654e+36,-0.09652511070611113,quadratic_two_real,0.0,-1.7699761821830235e+37
-0.8052455044658633,1.4252653e+37,3.1441287e+37,quadratic_two_real,-0.0,1.769976142826995e+37
-1.6104910089317266,-2.8505307e+37,6.2882574e+37,quadratic_two_real,-1.769976142826995e+37,-0.0
-0.40262275223293165,-7.1263267e+36,1.5720643e+37,quadratic_two_real,-1.769976142826995e+37,-0.0
-8.052455044658632,-1.4252653e+38,3.1441286e+38,quadratic_two_real,-1.7699761113421725e+37,-0.0
0.8052455044658633,1.4252653e+37,-3.1441287e+37,quadratic_two_real,0.0,-1.769976142826995e+37
0.08052455044658634,1.4252654e+36,-3.1441287e+36,quadratic_two_real,0.0,-1.7699761821830235e+37
-0.8052455044658633,0.8052455044658633,-1.4252653e+37,quadratic_two_complex,(0.5-4.207108440279375e+18j),(0.5+4.207108440279375e+18j)
-1.6104910089317266,-1.6104910089317266,-2.8505307e+37,quadratic_two_complex,(-0.5-4.207108440279375e+18j),(-0.5+4.207108440279375e+18j)
-0.40262275223293165,-0.40262275223293165,-7.1263267e+36,quadratic_two_complex,(-0.5-4.207108440279375e+18j),(-0.5+4.207108440279375e+18j)
-8.052455044658632,-8.052455044658632,-1.4252653e+38,quadratic_two_complex,(-0.5-4.207108402860773e+18j),(-0.5+4.207108402860773e+18j)
0.8052455044658633,0.8052455044658633,1.4252653e+37,quadratic_two_complex,(-0.5+4.207108440279375e+18j),(-0.5-4.207108440279375e+18j)
0.08052455044658634,0.08052455044658634,1.4252654e+36,quadratic_two_complex,(-0.5+4.207108487052626e+18j),(-0.5-4.207108487052626e+18j)
-0.8052455044658633,0.8052455044658633,-0.8052455044658633,quadratic_two_complex,(0.5-0.8660254037844387j),(0.5+0.8660254037844387j)
-1.6104910089317266,-1.6104910089317266,-1.6104910089317266,quadratic_two_complex,(-0.5-0.8660254037844387j),(-0.5+0.8660254037844387j)
-0.40262275223293165,-0.40262275223293165,-0.40262275223293165,quadratic_two_complex,(-0.5-0.8660254037844387j),(-0.5+0.8660254037844387j)
-8.052455044658632,-8.052455044658632,-8.052455044658632,quadratic_two_complex,(-0.5-0.8660254037844387j),(-0.5+0.8660254037844387j)
0.8052455044658633,0.8052455044658633,0.8052455044658633,quadratic_two_complex,(-0.5+0.8660254037844387j),(-0.5-0.8660254037844387j)
0.08052455044658634,0.08052455044658634,0.08052455044658634,quadratic_two_complex,(-0.5+0.8660254037844386j),(-0.5-0.8660254037844386j)
-0.8052455044658633,0.8052455044658633,0.0,quadratic_two_real,-0.0,1.0
-1.6104910089317266,-1.6104910089317266,0.0,quadratic_two_real,-1.0,-0.0
-0.40262275223293165,-0.40262275223293165,0.0,quadratic_two_real,-1.0,-0.0
-8.052455044658632,-8.052455044658632,0.0,quadratic_two_real,-1.0,-0.0
0.8052455044658633,0.8052455044658633,-0.0,quadratic_two_real,0.0,-1.0
0.08052455044658634,0.08052455044658634,-0.0,quadratic_two_real,0.0,-1.0
-0.8052455044658633,0.8052455044658633,0.9652511070611112,quadratic_two_real,-0.7036212543950727,1.7036212543950728
-1.6104910089317266,-1.6104910089317266,1.9305022141222223,quadratic_two_real,-1.7036212543950728,0.7036212543950727
-0.40262275223293165,-0.40262275223293165,0.4826255535305556,quadratic_two_real,-1.7036212543950728,0.7036212543950727
-8.052455044658632,-8.052455044658632,9.652511070611112,quadratic_two_real,-1.7036212543950728,0.7036212543950728
0.8052455044658633,0.8052455044658633,-0.9652511070611112,quadratic_two_real,0.7036212543950727,-1.7036212543950728
0.08052455044658634,0.08052455044658634,-0.09652511070611113,quadratic_two_real,0.7036212543950728,-1.7036212543950728
-0.8052455044658633,0.8052455044658633,3.1441287e+37,quadratic_two_real,-6.248647155509105e+18,6.248647155509105e+18
-1.6104910089317266,-1.6104910089317266,6.2882574e+37,quadratic_two_real,-6.248647155509105e+18,6.248647155509105e+18
-0.40262275223293165,-0.40262275223293165,1.5720643e+37,quadratic_two_real,-6.248647155509105e+18,6.248647155509105e+18
-8.052455044658632,-8.052455044658632,3.1441286e+38,quadratic_two_real,-6.248647105122481e+18,6.248647105122481e+18
0.8052455044658633,0.8052455044658633,-3.1441287e+37,quadratic_two_real,6.248647155509105e+18,-6.248647155509105e+18
0.08052455044658634,0.08052455044658634,-3.1441287e+36,quadratic_two_real,6.248647218492382e+18,-6.248647218492382e+18
-0.8052455044658633,-0.0,-1.4252653e+37,quadratic_two_complex,(-0-4.207108440279375e+18j),(-0+4.207108440279375e+18j)
-1.6104910089317266,0.0,-2.8505307e+37,quadratic_two_complex,(-0-4.207108440279375e+18j),(-0+4.207108440279375e+18j)
-0.40262275223293165,0.0,-7.1263267e+36,quadratic_two_complex,(-0-4.207108440279375e+18j),(-0+4.207108440279375e+18j)
-8.052455044658632,0.0,-1.4252653e+38,quadratic_two_complex,(-0-4.207108402860773e+18j),(-0+4.207108402860773e+18j)
0.8052455044658633,-0.0,1.4252653e+37,quadratic_two_complex,4.207108440279375e+18j,-4.207108440279375e+18j
0.08052455044658634,-0.0,1.4252654e+36,quadratic_two_complex,4.207108487052626e+18j,-4.207108487052626e+18j
-0.8052455044658633,-0.0,-0.8052455044658633,quadratic_two_complex,(-0-1j),(-0+1j)
-1.6104910089317266,0.0,-1.6104910089317266,quadratic_two_complex,(-0-1j),(-0+1j)
-0.40262275223293165,0.0,-0.40262275223293165,quadratic_two_complex,(-0-1j),(-0+1j)
-8.052455044658632,0.0,-8.052455044658632,quadratic_two_complex,(-0-1j),(-0+1j)
0.8052455044658633,-0.0,0.8052455044658633,quadratic_two_complex,1j,-1j
0.08052455044658634,-0.0,0.08052455044658634,quadratic_two_complex,1j,-1j
-0.8052455044658633,-0.0,0.0,quadratic_one_real,-0.0,N/A
-1.6104910089317266,0.0,0.0,quadratic_one_real,0.0,N/A
-0.40262275223293165,0.0,0.0,quadratic_one_real,0.0,N/A
-8.052455044658632,0.0,0.0,quadratic_one_real,0.0,N/A
0.8052455044658633,-0.0,-0.0,quadratic_one_real,0.0,N/A
0.08052455044658634,-0.0,-0.0,quadratic_one_real,0.0,N/A
-0.8052455044658633,-0.0,0.9652511070611112,quadratic_two_real,-1.0948534714890248,1.0948534714890248
-1.6104910089317266,0.0,1.9305022141222223,quadratic_two_real,-1.0948534714890248,1.0948534714890248
-0.40262275223293165,0.0,0.4826255535305556,quadratic_two_real,-1.0948534714890248,1.0948534714890248
-8.052455044658632,0.0,9.652511070611112,quadratic_two_real,-1.0948534714890248,1.0948534714890248
0.8052455044658633,-0.0,-0.9652511070611112,quadratic_two_real,1.0948534714890248,-1.0948534714890248
0.08052455044658634,-0.0,-0.09652511070611113,quadratic_two_real,1.0948534714890246,-1.0948534714890246
-0.8052455044658633,-0.0,3.1441287e+37,quadratic_two_real,-6.248647155509105e+18,6.248647155509105e+18
-1.6104910089317266,0.0,6.2882574e+37,quadratic_two_real,-6.248647155509105e+18,6.248647155509105e+18
-0.40262275223293165,0.0,1.5720643e+37,quadratic_two_real,-6.248647155509105e+18,6.248647155509105e+18
-8.052455044658632,0.0,3.1441286e+38,quadratic_two_real,-6.248647105122481e+18,6.248647105122481e+18
0.8052455044658633,-0.0,-3.1441287e+37,quadratic_two_real,6.248647155509105e+18,-6.248647155509105e+18
0.08052455044658634,-0.0,-3.1441287e+36,quadratic_two_real,6.248647218492382e+18,-6.248647218492382e+18
-0.8052455044658633,-0.9652511070611112,-1.4252653e+37,quadratic_two_complex,(-0.5993520620157843-4.207108440279375e+18j),(-0.5993520620157843+4.207108440279375e+18j)
-1.6104910089317266,1.9305022141222223,-2.8505307e+37,quadratic_two_complex,(0.5993520620157843-4.207108440279375e+18j),(0.5993520620157843+4.207108440279375e+18j)
-0.40262275223293165,0.4826255535305556,-7.1263267e+36,quadratic_two_complex,(0.5993520620157843-4.207108440279375e+18j),(0.5993520620157843+4.207108440279375e+18j)
-8.052455044658632,9.652511070611112,-1.4252653e+38,quadratic_two_complex,(0.5993520620157843-4.207108402860773e+18j),(0.5993520620157843+4.207108402860773e+18j)
0.8052455044658633,-0.9652511070611112,1.4252653e+37,quadratic_two_complex,(0.5993520620157843+4.207108440279375e+18j),(0.5993520620157843-4.207108440279375e+18j)
0.08052455044658634,-0.09652511070611113,1.4252654e+36,quadratic_two_complex,(0.5993520620157843+4.207108487052626e+18j),(0.5993520620157843-4.207108487052626e+18j)
-0.8052455044658633,-0.9652511070611112,-0.8052455044658633,quadratic_two_complex,(-0.5993520620157843-0.8004855437529322j),(-0.5993520620157843+0.8004855437529322j)
-1.6104910089317266,1.9305022141222223,-1.6104910089317266,quadratic_two_complex,(0.5993520620157843-0.8004855437529322j),(0.5993520620157843+0.8004855437529322j)
-0.40262275223293165,0.4826255535305556,-0.40262275223293165,quadratic_two_complex,(0.5993520620157843-0.8004855437529322j),(0.5993520620157843+0.8004855437529322j)
-8.052455044658632,9.652511070611112,-8.052455044658632,quadratic_two_complex,(0.5993520620157843-0.8004855437529322j),(0.5993520620157843+0.8004855437529322j)
0.8052455044658633,-0.9652511070611112,0.8052455044658633,quadratic_two_complex,(0.5993520620157843+0.8004855437529322j),(0.5993520620157843-0.8004855437529322j)
0.08052455044658634,-0.09652511070611113,0.08052455044658634,quadratic_two_complex,(0.5993520620157843+0.8004855437529321j),(0.5993520620157843-0.8004855437529321j)
-0.8052455044658633,-0.9652511070611112,0.0,quadratic_two_real,-1.1987041240315686,-0.0
-1.6104910089317266,1.9305022141222223,0.0,quadratic_two_real,-0.0,1.1987041240315686
-0.40262275223293165,0.4826255535305556,0.0,quadratic_two_real,-0.0,1.1987041240315686
-8.052455044658632,9.652511070611112,0.0,quadratic_two_real,-0.0,1.1987041240315686
0.8052455044658633,-0.9652511070611112,-0.0,quadratic_two_real,1.1987041240315686,0.0
0.08052455044658634,-0.09652511070611113,-0.0,quadratic_two_real,1.1987041240315686,0.0
-0.8052455044658633,-0.9652511070611112,0.9652511070611112,quadratic_two_real,-1.8475215289849698,0.6488174049534013
-1.6104910089317266,1.9305022141222223,1.9305022141222223,quadratic_two_real,-0.6488174049534013,1.8475215289849698
-0.40262275223293165,0.4826255535305556,0.4826255535305556,quadratic_two_real,-0.6488174049534013,1.8475215289849698
-8.052455044658632,9.652511070611112,9.652511070611112,quadratic_two_real,-0.6488174049534013,1.84752152898497
0.8052455044658633,-0.9652511070611112,-0.9652511070611112,quadratic_two_real,1.8475215289849698,-0.6488174049534013
0.08052455044658634,-0.09652511070611113,-0.09652511070611113,quadratic_two_real,1.84752152898497,-0.6488174049534013
-0.8052455044658633,-0.9652511070611112,3.1441287e+37,quadratic_two_real,-6.248647155509105e+18,6.248647155509105e+18
-1.6104910089317266,1.9305022141222223,6.2882574e+37,quadratic_two_real,-6.248647155509105e+18,6.248647155509105e+18
-0.40262275223293165,0.4826255535305556,1.5720643e+37,quadratic_two_real,-6.248647155509105e+18,6.248647155509105e+18
-8.052455044658632,9.652511070611112,3.1441286e+38,quadratic_two_real,-6.248647105122481e+18,6.248647105122481e+18
0.8052455044658633,-0.9652511070611112,-3.1441287e+37,quadratic_two_real,6.248647155509105e+18,-6.248647155509105e+18
0.08052455044658634,-0.09652511070611113,-3.1441287e+36,quadratic_two_real,6.248647218492382e+18,-6.248647218492382e+18
-0.8052455044658633,-3.1441287e+37,-1.4252653e+37,quadratic_two_real,-3.904559127405202e+37,-0.0
-1.6104910089317266,6.2882574e+37,-2.8505307e+37,quadratic_two_real,-0.0,3.904559127405202e+37
-0.40262275223293165,1.5720643e+37,-7.1263267e+36,quadratic_two_real,-0.0,3.904559127405202e+37
-8.052455044658632,3.1441286e+38,-1.4252653e+38,quadratic_two_real,-0.0,3.9045590644355567e+37
0.8052455044658633,-3.1441287e+37,1.4252653e+37,quadratic_two_real,3.904559127405202e+37,0.0
0.08052455044658634,-3.1441287e+36,1.4252654e+36,quadratic_two_real,3.9045592061172587e+37,0.0
-0.8052455044658633,-3.1441287e+37,-0.8052455044658633,quadratic_two_real,-3.904559127405202e+37,-0.0
-1.6104910089317266,6.2882574e+37,-1.6104910089317266,quadratic_two_real,-0.0,3.904559127405202e+37
-0.40262275223293165,1.5720643e+37,-0.40262275223293165,quadratic_two_real,-0.0,3.904559127405202e+37
-8.052455044658632,3.1441286e+38,-8.052455044658632,quadratic_two_real,-0.0,3.9045590644355567e+37
0.8052455044658633,-3.1441287e+37,0.8052455044658633,quadratic_two_real,3.904559127405202e+37,0.0
0.08052455044658634,-3.1441287e+36,0.08052455044658634,quadratic_two_real,3.9045592061172587e+37,0.0
-0.8052455044658633,-3.1441287e+37,0.0,quadratic_two_real,-3.904559127405202e+37,-0.0
-1.6104910089317266,6.2882574e+37,0.0,quadratic_two_real,-0.0,3.904559127405202e+37
-0.40262275223293165,1.5720643e+37,0.0,quadratic_two_real,-0.0,3.904559127405202e+37
-8.052455044658632,3.1441286e+38,0.0,quadratic_two_real,-0.0,3.9045590644355567e+37
0.8052455044658633,-3.1441287e+37,-0.0,quadratic_two_real,3.904559127405202e+37,0.0
0.08052455044658634,-3.1441287e+36,-0.0,quadratic_two_real,3.9045592061172587e+37,0.0
-0.8052455044658633,-3.1441287e+37,0.9652511070611112,quadratic_two_real,-3.904559127405202e+37,-0.0
-1.6104910089317266,6.2882574e+37,1.9305022141222223,quadratic_two_real,-0.0,3.904559127405202e+37
-0.40262275223293165,1.5720643e+37,0.4826255535305556,quadratic_two_real,-0.0,3.904559127405202e+37
-8.052455044658632,3.1441286e+38,9.652511070611112,quadratic_two_real,-0.0,3.9045590644355567e+37
0.8052455044658633,-3.1441287e+37,-0.9652511070611112,quadratic_two_real,3.904559127405202e+37,0.0
0.08052455044658634,-3.1441287e+36,-0.09652511070611113,quadratic_two_real,3.9045592061172587e+37,0.0
-0.8052455044658633,-3.1441287e+37,3.1441287e+37,quadratic_two_real,-3.904559127405202e+37,-0.0
-1.6104910089317266,6.2882574e+37,6.2882574e+37,quadratic_two_real,-0.0,3.904559127405202e+37
-0.40262275223293165,1.5720643e+37,1.5720643e+37,quadratic_two_real,-0.0,3.904559127405202e+37
-8.052455044658632,3.1441286e+38,3.1441286e+38,quadratic_two_real,-0.0,3.9045590644355567e+37
0.8052455044658633,-3.1441287e+37,-3.1441287e+37,quadratic_two_real,3.904559127405202e+37,0.0
0.08052455044658634,-3.1441287e+36,-3.1441287e+36,quadratic_two_real,3.9045592061172587e+37,0.0
0.0,1.4252653e+37,-1.4252653e+37,linear,1.0,N/A
0.0,-2.8505307e+37,-2.8505307e+37,linear,-1.0,N/A
0.0,-7.1263267e+36,-7.1263267e+36,linear,-1.0,N/A
0.0,-1.4252653e+38,-1.4252653e+38,linear,-1.0,N/A
-0.0,1.4252653e+37,1.4252653e+37,linear,-1.0,N/A
-0.0,1.4252654e+36,1.4252654e+36,linear,-1.0,N/A
0.0,1.4252653e+37,-0.8052455044658633,linear,5.649793665596001e-38,N/A
0.0,-2.8505307e+37,-1.6104910089317266,linear,-5.649793665596001e-38,N/A
0.0,-7.1263267e+36,-0.40262275223293165,linear,-5.649793665596001e-38,N/A
0.0,-1.4252653e+38,-8.052455044658632,linear,-5.649793766096087e-38,N/A
-0.0,1.4252653e+37,0.8052455044658633,linear,-5.649793665596001e-38,N/A
-0.0,1.4252654e+36,0.08052455044658634,linear,-5.649793539970899e-38,N/A
0.0,1.4252653e+37,0.0,linear,-0.0,N/A
0.0,-2.8505307e+37,0.0,linear,0.0,N/A
0.0,-7.1263267e+36,0.0,linear,0.0,N/A
0.0,-1.4252653e+38,0.0,linear,0.0,N/A
-0.0,1.4252653e+37,-0.0,linear,0.0,N/A
-0.0,1.4252654e+36,-0.0,linear,0.0,N/A
0.0,1.4252653e+37,0.9652511070611112,linear,-6.772430966877359e-38,N/A
0.0,-2.8505307e+37,1.9305022141222223,linear,6.772430966877359e-38,N/A
0.0,-7.1263267e+36,0.4826255535305556,linear,6.772430966877359e-38,N/A
0.0,-1.4252653e+38,9.652511070611112,linear,6.772431087347228e-38,N/A
-0.0,1.4252653e+37,-0.9652511070611112,linear,6.772430966877359e-38,N/A
-0.0,1.4252654e+36,-0.09652511070611113,linear,6.77243081629003e-38,N/A
0.0,1.4252653e+37,3.1441287e+37,linear,-2.2059953424958962,N/A
0.0,-2.8505307e+37,6.2882574e+37,linear,2.2059953424958962,N/A
0.0,-7.1263267e+36,1.5720643e+37,linear,2.2059953424958962,N/A
0.0,-1.4252653e+38,3.1441286e+38,linear,2.205995346160198,N/A
-0.0,1.4252653e+37,-3.1441287e+37,linear,2.2059953424958962,N/A
-0.0,1.4252654e+36,-3.1441287e+36,linear,2.205995337915519,N/A
0.0,0.8052455044658633,-1.4252653e+37,linear,1.769976142826995e+37,N/A
0.0,-1.6104910089317266,-2.8505307e+37,linear,-1.769976142826995e+37,N/A
0.0,-0.40262275223293165,-7.1263267e+36,linear,-1.769976142826995e+37,N/A
0.0,-8.052455044658632,-1.4252653e+38,linear,-1.7699761113421725e+37,N/A
-0.0,0.8052455044658633,1.4252653e+37,linear,-1.769976142826995e+37,N/A
-0.0,0.08052455044658634,1.4252654e+36,linear,-1.7699761821830235e+37,N/A
0.0,0.8052455044658633,-0.8052455044658633,linear,1.0,N/A
0.0,-1.6104910089317266,-1.6104910089317266,linear,-1.0,N/A
0.0,-0.40262275223293165,-0.40262275223293165,linear,-1.0,N/A
0.0,-8.052455044658632,-8.052455044658632,linear,-1.0,N/A
-0.0,0.8052455044658633,0.8052455044658633,linear,-1.0,N/A
-0.0,0.08052455044658634,0.08052455044658634,linear,-1.0,N/A
0.0,0.8052455044658633,0.0,linear,-0.0,N/A
0.0,-1.6104910089317266,0.0,linear,0.0,N/A
0.0,-0.40262275223293165,0.0,linear,0.0,N/A
0.0,-8.052455044658632,0.0,linear,0.0,N/A
-0.0,0.8052455044658633,-0.0,linear,0.0,N/A
-0.0,0.08052455044658634,-0.0,linear,0.0,N/A
0.0,0.8052455044658633,0.9652511070611112,linear,-1.1987041240315686,N/A
0.0,-1.6104910089317266,1.9305022141222223,linear,1.1987041240315686,N/A
0.0,-0.40262275223293165,0.4826255535305556,linear,1.1987041240315686,N/A
0.0,-8.052455044658632,9.652511070611112,linear,1.1987041240315686,N/A
-0.0,0.8052455044658633,-0.9652511070611112,linear,1.1987041240315686,N/A
-0.0,0.08052455044658634,-0.09652511070611113,linear,1.1987041240315686,N/A
0.0,0.8052455044658633,3.1441287e+37,linear,-3.904559127405202e+37,N/A
0.0,-1.6104910089317266,6.2882574e+37,linear,3.904559127405202e+37,N/A
0.0,-0.40262275223293165,1.5720643e+37,linear,3.904559127405202e+37,N/A
0.0,-8.052455044658632,3.1441286e+38,linear,3.9045590644355567e+37,N/A
-0.0,0.8052455044658633,-3.1441287e+37,linear,3.904559127405202e+37,N/A
-0.0,0.08052455044658634,-3.1441287e+36,linear,3.9045592061172587e+37,N/A
0.0,-0.0,-1.4252653e+37,no_solution,N/A,N/A
0.0,0.0,-2.8505307e+37,no_solution,N/A,N/A
0.0,0.0,-7.1263267e+36,no_solution,N/A,N/A
0.0,0.0,-1.4252653e+38,no_solution,N/A,N/A
-0.0,-0.0,1.4252653e+37,no_solution,N/A,N/A
-0.0,-0.0,1.4252654e+36,no_solution,N/A,N/A
0.0,-0.0,-0.8052455044658633,no_solution,N/A,N/A
0.0,0.0,-1.6104910089317266,no_solution,N/A,N/A
0.0,0.0,-0.40262275223293165,no_solution,N/A,N/A
0.0,0.0,-8.052455044658632,no_solution,N/A,N/A
-0.0,-0.0,0.8052455044658633,no_solution,N/A,N/A
-0.0,-0.0,0.08052455044658634,no_solution,N/A,N/A
0.0,-0.0,0.0,infinite_solutions,N/A,N/A
0.0,0.0,0.0,infinite_solutions,N/A,N/A
0.0,0.0,0.0,infinite_solutions,N/A,N/A
0.0,0.0,0.0,infinite_solutions,N/A,N/A
-0.0,-0.0,-0.0,infinite_solutions,N/A,N/A
-0.0,-0.0,-0.0,infinite_solutions,N/A,N/A
0.0,-0.0,0.9652511070611112,no_solution,N/A,N/A
0.0,0.0,1.9305022141222223,no_solution,N/A,N/A
0.0,0.0,0.4826255535305556,no_solution,N/A,N/A
0.0,0.0,9.652511070611112,no_solution,N/A,N/A
-0.0,-0.0,-0.9652511070611112,no_solution,N/A,N/A
-0.0,-0.0,-0.09652511070611113,no_solution,N/A,N/A
0.0,-0.0,3.1441287e+37,no_solution,N/A,N/A
0.0,0.0,6.2882574e+37,no_solution,N/A,N/A
0.0,0.0,1.5720643e+37,no_solution,N/A,N/A
0.0,0.0,3.1441286e+38,no_solution,N/A,N/A
-0.0,-0.0,-3.1441287e+37,no_solution,N/A,N/A
-0.0,-0.0,-3.1441287e+36,no_solution,N/A,N/A
0.0,-0.9652511070611112,-1.4252653e+37,linear,-1.4765746670446775e+37,N/A
0.0,1.9305022141222223,-2.8505307e+37,linear,1.4765746670446775e+37,N/A
0.0,0.4826255535305556,-7.1263267e+36,linear,1.4765746670446775e+37,N/A
0.0,9.652511070611112,-1.4252653e+38,linear,1.4765746407789608e+37,N/A
-0.0,-0.9652511070611112,1.4252653e+37,linear,1.4765746670446775e+37,N/A
-0.0,-0.09652511070611113,1.4252654e+36,linear,1.476574699876823e+37,N/A
0.0,-0.9652511070611112,-0.8052455044658633,linear,-0.8342342200648544,N/A
0.0,1.9305022141222223,-1.6104910089317266,linear,0.8342342200648544,N/A
0.0,0.4826255535305556,-0.40262275223293165,linear,0.8342342200648544,N/A
0.0,9.652511070611112,-8.052455044658632,linear,0.8342342200648543,N/A
-0.0,-0.9652511070611112,0.8052455044658633,linear,0.8342342200648544,N/A
-0.0,-0.09652511070611113,0.08052455044658634,linear,0.8342342200648544,N/A
0.0,-0.9652511070611112,0.0,linear,0.0,N/A
0.0,1.9305022141222223,0.0,linear,-0.0,N/A
0.0,0.4826255535305556,0.0,linear,-0.0,N/A
0.0,9.652511070611112,0.0,linear,-0.0,N/A
-0.0,-0.9652511070611112,-0.0,linear,-0.0,N/A
-0.0,-0.09652511070611113,-0.0,linear,-0.0,N/A
0.0,-0.9652511070611112,0.9652511070611112,linear,1.0,N/A
0.0,1.9305022141222223,1.9305022141222223,linear,-1.0,N/A
0.0,0.4826255535305556,0.4826255535305556,linear,-1.0,N/A
0.0,9.652511070611112,9.652511070611112,linear,-1.0,N/A
-0.0,-0.9652511070611112,-0.9652511070611112,linear,-1.0,N/A
-0.0,-0.09652511070611113,-0.09652511070611113,linear,-1.0,N/A
0.0,-0.9652511070611112,3.1441287e+37,linear,3.257316838347987e+37,N/A
0.0,1.9305022141222223,6.2882574e+37,linear,-3.257316838347987e+37,N/A
0.0,0.4826255535305556,1.5720643e+37,linear,-3.257316838347987e+37,N/A
0.0,9.652511070611112,3.1441286e+38,linear,-3.2573167858165536e+37,N/A
-0.0,-0.9652511070611112,-3.1441287e+37,linear,-3.257316838347987e+37,N/A
-0.0,-0.09652511070611113,-3.1441287e+36,linear,-3.257316904012278e+37,N/A
0.0,-3.1441287e+37,-1.4252653e+37,linear,-0.4533101139137425,N/A
0.0,6.2882574e+37,-2.8505307e+37,linear,0.4533101139137425,N/A
0.0,1.5720643e+37,-7.1263267e+36,linear,0.4533101139137425,N/A
0.0,3.1441286e+38,-1.4252653e+38,linear,0.45331011316076486,N/A
-0.0,-3.1441287e+37,1.4252653e+37,linear,0.4533101139137425,N/A
-0.0,-3.1441287e+36,1.4252654e+36,linear,0.4533101148549645,N/A
0.0,-3.1441287e+37,-0.8052455044658633,linear,-2.561108610140464e-38,N/A
0.0,6.2882574e+37,-1.6104910089317266,linear,2.561108610140464e-38,N/A
0.0,1.5720643e+37,-0.40262275223293165,linear,2.561108610140464e-38,N/A
0.0,3.1441286e+38,-8.052455044658632,linear,2.5611086514440016e-38,N/A
-0.0,-3.1441287e+37,0.8052455044658633,linear,2.561108610140464e-38,N/A
-0.0,-3.1441287e+36,0.08052455044658634,linear,2.5611085585110444e-38,N/A
0.0,-3.1441287e+37,0.0,linear,0.0,N/A
0.0,6.2882574e+37,0.0,linear,-0.0,N/A
0.0,1.5720643e+37,0.0,linear,-0.0,N/A
0.0,3.1441286e+38,0.0,linear,-0.0,N/A
-0.0,-3.1441287e+37,-0.0,linear,-0.0,N/A
-0.0,-3.1441287e+36,-0.0,linear,-0.0,N/A
0.0,-3.1441287e+37,0.9652511070611112,linear,3.070011453068133e-38,N/A
0.0,6.2882574e+37,1.9305022141222223,linear,-3.070011453068133e-38,N/A
0.0,1.5720643e+37,0.4826255535305556,linear,-3.070011453068133e-38,N/A
0.0,3.1441286e+38,9.652511070611112,linear,-3.070011502578854e-38,N/A
-0.0,-3.1441287e+37,-0.9652511070611112,linear,-3.070011453068133e-38,N/A
-0.0,-3.1441287e+36,-0.09652511070611113,linear,-3.0700113911797346e-38,N/A
0.0,-3.1441287e+37,3.1441287e+37,linear,1.0,N/A
0.0,6.2882574e+37,6.2882574e+37,linear,-1.0,N/A
0.0,1.5720643e+37,1.5720643e+37,linear,-1.0,N/A
0.0,3.1441286e+38,3.1441286e+38,linear,-1.0,N/A
-0.0,-3.1441287e+37,-3.1441287e+37,linear,-1.0,N/A
-0.0,-3.1441287e+36,-3.1441287e+36,linear,-1.0,N/A
0.9652511070611112,1.4252653e+37,-1.4252653e+37,quadratic_two_real,0.0,-1.4765746670446775e+37
1.9305022141222223,-2.8505307e+37,-2.8505307e+37,quadratic_two_real,1.4765746670446775e+37,0.0
0.4826255535305556,-7.1263267e+36,-7.1263267e+36,quadratic_two_real,1.4765746670446775e+37,0.0
9.652511070611112,-1.4252653e+38,-1.4252653e+38,quadratic_two_real,1.4765746407789608e+37,0.0
-0.9652511070611112,1.4252653e+37,1.4252653e+37,quadratic_two_real,-0.0,1.4765746670446775e+37
-0.09652511070611113,1.4252654e+36,1.4252654e+36,quadratic_two_real,-0.0,1.476574699876823e+37
0.9652511070611112,1.4252653e+37,-0.8052455044658633,quadratic_two_real,0.0,-1.4765746670446775e+37
1.9305022141222223,-2.8505307e+37,-1.6104910089317266,quadratic_two_real,1.4765746670446775e+37,0.0
0.4826255535305556,-7.1263267e+36,-0.40262275223293165,quadratic_two_real,1.4765746670446775e+37,0.0
9.652511070611112,-1.4252653e+38,-8.052455044658632,quadratic_two_real,1.4765746407789608e+37,0.0
-0.9652511070611112,1.4252653e+37,0.8052455044658633,quadratic_two_real,-0.0,1.4765746670446775e+37
-0.09652511070611113,1.4252654e+36,0.08052455044658634,quadratic_two_real,-0.0,1.476574699876823e+37
0.9652511070611112,1.4252653e+37,0.0,quadratic_two_real,0.0,-1.4765746670446775e+37
1.9305022141222223,-2.8505307e+37,0.0,quadratic_two_real,1.4765746670446775e+37,0.0
0.4826255535305556,-7.1263267e+36,0.0,quadratic_two_real,1.4765746670446775e+37,0.0
9.652511070611112,-1.4252653e+38,0.0,quadratic_two_real,1.4765746407789608e+37,0.0
-0.9652511070611112,1.4252653e+37,-0.0,quadratic_two_real,-0.0,1.4765746670446775e+37
-0.09652511070611113,1.4252654e+36,-0.0,quadratic_two_real,-0.0,1.476574699876823e+37
0.9652511070611112,1.4252653e+37,0.9652511070611112,quadratic_two_real,0.0,-1.4765746670446775e+37
1.9305022141222223,-2.8505307e+37,1.9305022141222223,quadratic_two_real,1.4765746670446775e+37,0.0
0.4826255535305556,-7.1263267e+36,0.4826255535305556,quadratic_two_real,1.4765746670446775e+37,0.0
9.652511070611112,-1.4252653e+38,9.652511070611112,quadratic_two_real,1.4765746407789608e+37,0.0
-0.9652511070611112,1.4252653e+37,-0.9652511070611112,quadratic_two_real,-0.0,1.4765746670446775e+37
-0.09652511070611113,1.4252654e+36,-0.09652511070611113,quadratic_two_real,-0.0,1.476574699876823e+37
0.9652511070611112,1.4252653e+37,3.1441287e+37,quadratic_two_real,0.0,-1.4765746670446775e+37
1.9305022141222223,-2.8505307e+37,6.2882574e+37,quadratic_two_real,1.4765746670446775e+37,0.0
0.4826255535305556,-7.1263267e+36,1.5720643e+37,quadratic_two_real,1.4765746670446775e+37,0.0
9.652511070611112,-1.4252653e+38,3.1441286e+38,quadratic_two_real,1.4765746407789608e+37,0.0
-0.9652511070611112,1.4252653e+37,-3.1441287e+37,quadratic_two_real,-0.0,1.4765746670446775e+37
-0.09652511070611113,1.4252654e+36,-3.1441287e+36,quadratic_two_real,-0.0,1.476574699876823e+37
0.9652511070611112,0.8052455044658633,-1.4252653e+37,quadratic_two_real,3.842622368961954e+18,-3.842622368961954e+18
1.9305022141222223,-1.6104910089317266,-2.8505307e+37,quadratic_two_real,3.842622368961954e+18,-3.842622368961954e+18
0.4826255535305556,-0.40262275223293165,-7.1263267e+36,quadratic_two_real,3.842622368961954e+18,-3.842622368961954e+18
9.652511070611112,-8.052455044658632,-1.4252653e+38,quadratic_two_real,3.8426223347851407e+18,-3.8426223347851407e+18
-0.9652511070611112,0.8052455044658633,1.4252653e+37,quadratic_two_real,-3.842622368961954e+18,3.842622368961954e+18
-0.09652511070611113,0.08052455044658634,1.4252654e+36,quadratic_two_real,-3.8426224116829686e+18,3.8426224116829686e+18
0.9652511070611112,0.8052455044658633,-0.8052455044658633,quadratic_two_real,0.586984928381328,-1.4212191484461822
1.9305022141222223,-1.6104910089317266,-1.6104910089317266,quadratic_two_real,1.4212191484461822,-0.586984928381328
0.4826255535305556,-0.40262275223293165,-0.40262275223293165,quadratic_two_real,1.4212191484461822,-0.586984928381328
9.652511070611112,-8.052455044658632,-8.052455044658632,quadratic_two_real,1.4212191484461822,-0.586984928381328
-0.9652511070611112,0.8052455044658633,0.8052455044658633,quadratic_two_real,-0.586984928381328,1.4212191484461822
-0.09652511070611113,0.08052455044658634,0.08052455044658634,quadratic_two_real,-0.5869849283813281,1.4212191484461825
0.9652511070611112,0.8052455044658633,0.0,quadratic_two_real,0.0,-0.8342342200648544
1.9305022141222223,-1.6104910089317266,0.0,quadratic_two_real,0.8342342200648544,0.0
0.4826255535305556,-0.40262275223293165,0.0,quadratic_two_real,0.8342342200648544,0.0
9.652511070611112,-8.052455044658632,0.0,quadratic_two_real,0.8342342200648543,0.0
-0.9652511070611112,0.8052455044658633,-0.0,quadratic_two_real,-0.0,0.8342342200648544
-0.09652511070611113,0.08052455044658634,-0.0,quadratic_two_real,-0.0,0.8342342200648544
0.9652511070611112,0.8052455044658633,0.9652511070611112,quadratic_two_complex,(-0.4171171100324272+0.9088527474339261j),(-0.4171171100324272-0.9088527474339261j)
1.9305022141222223,-1.6104910089317266,1.9305022141222223,quadratic_two_complex,(0.4171171100324272+0.9088527474339261j),(0.4171171100324272-0.9088527474339261j)
0.4826255535305556,-0.40262275223293165,0.4826255535305556,quadratic_two_complex,(0.4171171100324272+0.9088527474339261j),(0.4171171100324272-0.9088527474339261j)
9.652511070611112,-8.052455044658632,9.652511070611112,quadratic_two_complex,(0.41711711003242713+0.9088527474339262j),(0.41711711003242713-0.9088527474339262j)
-0.9652511070611112,0.8052455044658633,-0.9652511070611112,quadratic_two_complex,(0.4171171100324272-0.9088527474339261j),(0.4171171100324272+0.9088527474339261j)
-0.09652511070611113,0.08052455044658634,-0.09652511070611113,quadratic_two_complex,(0.4171171100324272-0.9088527474339262j),(0.4171171100324272+0.9088527474339262j)
0.9652511070611112,0.8052455044658633,3.1441287e+37,quadratic_two_complex,(-0.4171171100324272+5.707290809436634e+18j),(-0.4171171100324272-5.707290809436634e+18j)
1.9305022141222223,-1.6104910089317266,6.2882574e+37,quadratic_two_complex,(0.4171171100324272+5.707290809436634e+18j),(0.4171171100324272-5.707290809436634e+18j)
0.4826255535305556,-0.40262275223293165,1.5720643e+37,quadratic_two_complex,(0.4171171100324272+5.707290809436634e+18j),(0.4171171100324272-5.707290809436634e+18j)
9.652511070611112,-8.052455044658632,3.1441286e+38,quadratic_two_complex,(0.41711711003242713+5.707290763415295e+18j),(0.41711711003242713-5.707290763415295e+18j)
-0.9652511070611112,0.8052455044658633,-3.1441287e+37,quadratic_two_complex,(0.4171171100324272-5.707290809436634e+18j),(0.4171171100324272+5.707290809436634e+18j)
-0.09652511070611113,0.08052455044658634,-3.1441287e+36,quadratic_two_complex,(0.4171171100324272-5.707290866963308e+18j),(0.4171171100324272+5.707290866963308e+18j)
0.9652511070611112,-0.0,-1.4252653e+37,quadratic_two_real,3.842622368961954e+18,-3.842622368961954e+18
1.9305022141222223,0.0,-2.8505307e+37,quadratic_two_real,3.842622368961954e+18,-3.842622368961954e+18
0.4826255535305556,0.0,-7.1263267e+36,quadratic_two_real,3.842622368961954e+18,-3.842622368961954e+18
9.652511070611112,0.0,-1.4252653e+38,quadratic_two_real,3.8426223347851407e+18,-3.8426223347851407e+18
-0.9652511070611112,-0.0,1.4252653e+37,quadratic_two_real,-3.842622368961954e+18,3.842622368961954e+18
-0.09652511070611113,-0.0,1.4252654e+36,quadratic_two_real,-3.8426224116829686e+18,3.8426224116829686e+18
0.9652511070611112,-0.0,-0.8052455044658633,quadratic_two_real,0.9133642318729448,-0.9133642318729448
1.9305022141222223,0.0,-1.6104910089317266,quadratic_two_real,0.9133642318729448,-0.9133642318729448
0.4826255535305556,0.0,-0.40262275223293165,quadratic_two_real,0.9133642318729448,-0.9133642318729448
9.652511070611112,0.0,-8.052455044658632,quadratic_two_real,0.9133642318729447,-0.9133642318729447
-0.9652511070611112,-0.0,0.8052455044658633,quadratic_two_real,-0.9133642318729448,0.9133642318729448
-0.09652511070611113,-0.0,0.08052455044658634,quadratic_two_real,-0.9133642318729447,0.9133642318729447
0.9652511070611112,-0.0,0.0,quadratic_one_real,0.0,N/A
1.9305022141222223,0.0,0.0,quadratic_one_real,-0.0,N/A
0.4826255535305556,0.0,0.0,quadratic_one_real,-0.0,N/A
9.652511070611112,0.0,0.0,quadratic_one_real,-0.0,N/A
-0.9652511070611112,-0.0,-0.0,quadratic_one_real,-0.0,N/A
-0.09652511070611113,-0.0,-0.0,quadratic_one_real,-0.0,N/A
0.9652511070611112,-0.0,0.9652511070611112,quadratic_two_complex,1j,-1j
1.9305022141222223,0.0,1.9305022141222223,quadratic_two_complex,1j,(-0-1j)
0.4826255535305556,0.0,0.4826255535305556,quadratic_two_complex,1j,(-0-1j)
9.652511070611112,0.0,9.652511070611112,quadratic_two_complex,1j,(-0-1j)
-0.9652511070611112,-0.0,-0.9652511070611112,quadratic_two_complex,(-0-1j),(-0+1j)
-0.09652511070611113,-0.0,-0.09652511070611113,quadratic_two_complex,(-0-1j),(-0+1j)
0.9652511070611112,-0.0,3.1441287e+37,quadratic_two_complex,5.707290809436634e+18j,-5.707290809436634e+18j
1.9305022141222223,0.0,6.2882574e+37,quadratic_two_complex,5.707290809436634e+18j,(-0-5.707290809436634e+18j)
0.4826255535305556,0.0,1.5720643e+37,quadratic_two_complex,5.707290809436634e+18j,(-0-5.707290809436634e+18j)
9.652511070611112,0.0,3.1441286e+38,quadratic_two_complex,5.707290763415295e+18j,(-0-5.707290763415295e+18j)
-0.9652511070611112,-0.0,-3.1441287e+37,quadratic_two_complex,(-0-5.707290809436634e+18j),(-0+5.707290809436634e+18j)
-0.09652511070611113,-0.0,-3.1441287e+36,quadratic_two_complex,(-0-5.707290866963308e+18j),(-0+5.707290866963308e+18j)
0.9652511070611112,-0.9652511070611112,-1.4252653e+37,quadratic_two_real,3.842622368961954e+18,-3.842622368961954e+18
1.9305022141222223,1.9305022141222223,-2.8505307e+37,quadratic_two_real,3.842622368961954e+18,-3.842622368961954e+18
0.4826255535305556,0.4826255535305556,-7.1263267e+36,quadratic_two_real,3.842622368961954e+18,-3.842622368961954e+18
9.652511070611112,9.652511070611112,-1.4252653e+38,quadratic_two_real,3.8426223347851407e+18,-3.8426223347851407e+18
-0.9652511070611112,-0.9652511070611112,1.4252653e+37,quadratic_two_real,-3.842622368961954e+18,3.842622368961954e+18
-0.09652511070611113,-0.09652511070611113,1.4252654e+36,quadratic_two_real,-3.8426224116829686e+18,3.8426224116829686e+18
0.9652511070611112,-0.9652511070611112,-0.8052455044658633,quadratic_two_real,1.5412656817858035,-0.5412656817858036
1.9305022141222223,1.9305022141222223,-1.6104910089317266,quadratic_two_real,0.5412656817858036,-1.5412656817858035
0.4826255535305556,0.4826255535305556,-0.40262275223293165,quadratic_two_real,0.5412656817858036,-1.5412656817858035
9.652511070611112,9.652511070611112,-8.052455044658632,quadratic_two_real,0.5412656817858035,-1.5412656817858035
-0.9652511070611112,-0.9652511070611112,0.8052455044658633,quadratic_two_real,-1.5412656817858035,0.5412656817858036
-0.09652511070611113,-0.09652511070611113,0.08052455044658634,quadratic_two_real,-1.5412656817858037,0.5412656817858036
0.9652511070611112,-0.9652511070611112,0.0,quadratic_two_real,1.0,0.0
1.9305022141222223,1.9305022141222223,0.0,quadratic_two_real,0.0,-1.0
0.4826255535305556,0.4826255535305556,0.0,quadratic_two_real,0.0,-1.0
9.652511070611112,9.652511070611112,0.0,quadratic_two_real,0.0,-1.0
-0.9652511070611112,-0.9652511070611112,-0.0,quadratic_two_real,-1.0,-0.0
-0.09652511070611113,-0.09652511070611113,-0.0,quadratic_two_real,-1.0,-0.0
0.9652511070611112,-0.9652511070611112,0.9652511070611112,quadratic_two_complex,(0.5+0.8660254037844386j),(0.5-0.8660254037844386j)
1.9305022141222223,1.9305022141222223,1.9305022141222223,quadratic_two_complex,(-0.5+0.8660254037844386j),(-0.5-0.8660254037844386j)
0.4826255535305556,0.4826255535305556,0.4826255535305556,quadratic_two_complex,(-0.5+0.8660254037844386j),(-0.5-0.8660254037844386j)
9.652511070611112,9.652511070611112,9.652511070611112,quadratic_two_complex,(-0.5+0.8660254037844387j),(-0.5-0.8660254037844387j)
-0.9652511070611112,-0.9652511070611112,-0.9652511070611112,quadratic_two_complex,(-0.5-0.8660254037844386j),(-0.5+0.8660254037844386j)
-0.09652511070611113,-0.09652511070611113,-0.09652511070611113,quadratic_two_complex,(-0.5-0.8660254037844387j),(-0.5+0.8660254037844387j)
0.9652511070611112,-0.9652511070611112,3.1441287e+37,quadratic_two_complex,(0.5+5.707290809436634e+18j),(0.5-5.707290809436634e+18j)
1.9305022141222223,1.9305022141222223,6.2882574e+37,quadratic_two_complex,(-0.5+5.707290809436634e+18j),(-0.5-5.707290809436634e+18j)
0.4826255535305556,0.4826255535305556,1.5720643e+37,quadratic_two_complex,(-0.5+5.707290809436634e+18j),(-0.5-5.707290809436634e+18j)
9.652511070611112,9.652511070611112,3.1441286e+38,quadratic_two_complex,(-0.5+5.707290763415295e+18j),(-0.5-5.707290763415295e+18j)
-0.9652511070611112,-0.9652511070611112,-3.1441287e+37,quadratic_two_complex,(-0.5-5.707290809436634e+18j),(-0.5+5.707290809436634e+18j)
-0.09652511070611113,-0.09652511070611113,-3.1441287e+36,quadratic_two_complex,(-0.5-5.707290866963308e+18j),(-0.5+5.707290866963308e+18j)
0.9652511070611112,-3.1441287e+37,-1.4252653e+37,quadratic_two_real,3.257316838347987e+37,0.0
1.9305022141222223,6.2882574e+37,-2.8505307e+37,quadratic_two_real,0.0,-3.257316838347987e+37
0.4826255535305556,1.5720643e+37,-7.1263267e+36,quadratic_two_real,0.0,-3.257316838347987e+37
9.652511070611112,3.1441286e+38,-1.4252653e+38,quadratic_two_real,0.0,-3.2573167858165536e+37
-0.9652511070611112,-3.1441287e+37,1.4252653e+37,quadratic_two_real,-3.257316838347987e+37,-0.0
-0.09652511070611113,-3.1441287e+36,1.4252654e+36,quadratic_two_real,-3.257316904012278e+37,-0.0
0.9652511070611112,-3.1441287e+37,-0.8052455044658633,quadratic_two_real,3.257316838347987e+37,0.0
1.9305022141222223,6.2882574e+37,-1.6104910089317266,quadratic_two_real,0.0,-3.257316838347987e+37
0.4826255535305556,1.5720643e+37,-0.40262275223293165,quadratic_two_real,0.0,-3.257316838347987e+37
9.652511070611112,3.1441286e+38,-8.052455044658632,quadratic_two_real,0.0,-3.2573167858165536e+37
-0.9652511070611112,-3.1441287e+37,0.8052455044658633,quadratic_two_real,-3.257316838347987e+37,-0.0
-0.09652511070611113,-3.1441287e+36,0.08052455044658634,quadratic_two_real,-3.257316904012278e+37,-0.0
0.9652511070611112,-3.1441287e+37,0.0,quadratic_two_real,3.257316838347987e+37,0.0
1.9305022141222223,6.2882574e+37,0.0,quadratic_two_real,0.0,-3.257316838347987e+37
0.4826255535305556,1.5720643e+37,0.0,quadratic_two_real,0.0,-3.257316838347987e+37
9.652511070611112,3.1441286e+38,0.0,quadratic_two_real,0.0,-3.2573167858165536e+37
-0.9652511070611112,-3.1441287e+37,-0.0,quadratic_two_real,-3.257316838347987e+37,-0.0
-0.09652511070611113,-3.1441287e+36,-0.0,quadratic_two_real,-3.257316904012278e+37,-0.0
0.9652511070611112,-3.1441287e+37,0.9652511070611112,quadratic_two_real,3.257316838347987e+37,0.0
1.9305022141222223,6.2882574e+37,1.9305022141222223,quadratic_two_real,0.0,-3.257316838347987e+37
0.4826255535305556,1.5720643e+37,0.4826255535305556,quadratic_two_real,0.0,-3.257316838347987e+37
9.652511070611112,3.1441286e+38,9.652511070611112,quadratic_two_real,0.0,-3.2573167858165536e+37
-0.9652511070611112,-3.1441287e+37,-0.9652511070611112,quadratic_two_real,-3.257316838347987e+37,-0.0
-0.09652511070611113,-3.1441287e+36,-0.09652511070611113,quadratic_two_real,-3.257316904012278e+37,-0.0
0.9652511070611112,-3.1441287e+37,3.1441287e+37,quadratic_two_real,3.257316838347987e+37,0.0
1.9305022141222223,6.2882574e+37,6.2882574e+37,quadratic_two_real,0.0,-3.257316838347987e+37
0.4826255535305556,1.5720643e+37,1.5720643e+37,quadratic_two_real,0.0,-3.257316838347987e+37
9.652511070611112,3.1441286e+38,3.1441286e+38,quadratic_two_real,0.0,-3.2573167858165536e+37
-0.9652511070611112,-3.1441287e+37,-3.1441287e+37,quadratic_two_real,-3.257316838347987e+37,-0.0
-0.09652511070611113,-3.1441287e+36,-3.1441287e+36,quadratic_two_real,-3.257316904012278e+37,-0.0
3.1441287e+37,1.4252653e+37,-1.4252653e+37,quadratic_two_real,0.48375512649904256,-0.937065240412785
6.2882574e+37,-2.8505307e+37,-2.8505307e+37,quadratic_two_real,0.937065240412785,-0.48375512649904256
1.5720643e+37,-7.1263267e+36,-7.1263267e+36,quadratic_two_real,0.937065240412785,-0.48375512649904256
3.1441286e+38,-1.4252653e+38,-1.4252653e+38,quadratic_two_real,0.9370652393862183,-0.48375512622545347
-3.1441287e+37,1.4252653e+37,1.4252653e+37,quadratic_two_real,-0.48375512649904256,0.937065240412785
-3.1441287e+36,1.4252654e+36,1.4252654e+36,quadratic_two_real,-0.4837551268410287,0.9370652416959933
3.1441287e+37,1.4252653e+37,-0.8052455044658633,quadratic_two_real,0.0,-0.4533101139137425
6.2882574e+37,-2.8505307e+37,-1.6104910089317266,quadratic_two_real,0.4533101139137425,0.0
1.5720643e+37,-7.1263267e+36,-0.40262275223293165,quadratic_two_real,0.4533101139137425,0.0
3.1441286e+38,-1.4252653e+38,-8.052455044658632,quadratic_two_real,0.45331011316076486,0.0
-3.1441287e+37,1.4252653e+37,0.8052455044658633,quadratic_two_real,-0.0,0.4533101139137425
-3.1441287e+36,1.4252654e+36,0.08052455044658634,quadratic_two_real,-0.0,0.4533101148549645
3.1441287e+37,1.4252653e+37,0.0,quadratic_two_real,0.0,-0.4533101139137425
6.2882574e+37,-2.8505307e+37,0.0,quadratic_two_real,0.4533101139137425,0.0
1.5720643e+37,-7.1263267e+36,0.0,quadratic_two_real,0.4533101139137425,0.0
3.1441286e+38,-1.4252653e+38,0.0,quadratic_two_real,0.45331011316076486,0.0
-3.1441287e+37,1.4252653e+37,-0.0,quadratic_two_real,-0.0,0.4533101139137425
-3.1441287e+36,1.4252654e+36,-0.0,quadratic_two_real,-0.0,0.4533101148549645
3.1441287e+37,1.4252653e+37,0.9652511070611112,quadratic_two_real,0.0,-0.4533101139137425
6.2882574e+37,-2.8505307e+37,1.9305022141222223,quadratic_two_real,0.4533101139137425,0.0
1.5720643e+37,-7.1263267e+36,0.4826255535305556,quadratic_two_real,0.4533101139137425,0.0
3.1441286e+38,-1.4252653e+38,9.652511070611112,quadratic_two_real,0.45331011316076486,0.0
-3.1441287e+37,1.4252653e+37,-0.9652511070611112,quadratic_two_real,-0.0,0.4533101139137425
-3.1441287e+36,1.4252654e+36,-0.09652511070611113,quadratic_two_real,-0.0,0.4533101148549645
3.1441287e+37,1.4252653e+37,3.1441287e+37,quadratic_two_complex,(-0.22665505695687124+0.9739750947308033j),(-0.22665505695687124-0.9739750947308033j)
6.2882574e+37,-2.8505307e+37,6.2882574e+37,quadratic_two_complex,(0.22665505695687124+0.9739750947308033j),(0.22665505695687124-0.9739750947308033j)
1.5720643e+37,-7.1263267e+36,1.5720643e+37,quadratic_two_complex,(0.22665505695687124+0.9739750947308033j),(0.22665505695687124-0.9739750947308033j)
3.1441286e+38,-1.4252653e+38,3.1441286e+38,quadratic_two_complex,(0.22665505658038243+0.9739750948184166j),(0.22665505658038243-0.9739750948184166j)
-3.1441287e+37,1.4252653e+37,-3.1441287e+37,quadratic_two_complex,(0.22665505695687124-0.9739750947308033j),(0.22665505695687124+0.9739750947308033j)
-3.1441287e+36,1.4252654e+36,-3.1441287e+36,quadratic_two_complex,(0.22665505742748224-0.9739750946212868j),(0.22665505742748224+0.9739750946212868j)
3.1441287e+37,0.8052455044658633,-1.4252653e+37,quadratic_two_real,0.6732830860148965,-0.6732830860148965
6.2882574e+37,-1.6104910089317266,-2.8505307e+37,quadratic_two_real,0.6732830860148965,-0.6732830860148965
1.5720643e+37,-0.40262275223293165,-7.1263267e+36,quadratic_two_real,0.6732830860148965,-0.6732830860148965
3.1441286e+38,-8.052455044658632,-1.4252653e+38,quadratic_two_real,0.6732830854557129,-0.6732830854557129
-3.1441287e+37,0.8052455044658633,1.4252653e+37,quadratic_two_real,-0.6732830860148965,0.6732830860148965
-3.1441287e+36,0.08052455044658634,1.4252654e+36,quadratic_two_real,-0.6732830867138758,0.6732830867138758
3.1441287e+37,0.8052455044658633,-0.8052455044658633,quadratic_two_real,1.6003464031704087e-19,-1.6003464031704087e-19
6.2882574e+37,-1.6104910089317266,-1.6104910089317266,quadratic_two_real,1.6003464031704087e-19,-1.6003464031704087e-19
1.5720643e+37,-0.40262275223293165,-0.40262275223293165,quadratic_two_real,1.6003464031704087e-19,-1.6003464031704087e-19
3.1441286e+38,-8.052455044658632,-8.052455044658632,quadratic_two_real,1.60034641607497e-19,-1.60034641607497e-19
-3.1441287e+37,0.8052455044658633,0.8052455044658633,quadratic_two_real,-1.6003464031704087e-19,1.6003464031704087e-19
-3.1441287e+36,0.08052455044658634,0.08052455044658634,quadratic_two_real,-1.6003463870397073e-19,1.6003463870397073e-19
3.1441287e+37,0.8052455044658633,0.0,quadratic_two_real,0.0,-2.561108610140464e-38
6.2882574e+37,-1.6104910089317266,0.0,quadratic_two_real,2.561108610140464e-38,0.0
1.5720643e+37,-0.40262275223293165,0.0,quadratic_two_real,2.561108610140464e-38,0.0
3.1441286e+38,-8.052455044658632,0.0,quadratic_two_real,2.5611086514440016e-38,0.0
-3.1441287e+37,0.8052455044658633,-0.0,quadratic_two_real,-0.0,2.561108610140464e-38
-3.1441287e+36,0.08052455044658634,-0.0,quadratic_two_real,-0.0,2.5611085585110444e-38
3.1441287e+37,0.8052455044658633,0.9652511070611112,quadratic_two_complex,(-1.280554305070232e-38+1.7521448150960963e-19j),(-1.280554305070232e-38-1.7521448150960963e-19j)
6.2882574e+37,-1.6104910089317266,1.9305022141222223,quadratic_two_complex,(1.280554305070232e-38+1.7521448150960963e-19j),(1.280554305070232e-38-1.7521448150960963e-19j)
1.5720643e+37,-0.40262275223293165,0.4826255535305556,quadratic_two_complex,(1.280554305070232e-38+1.7521448150960963e-19j),(1.280554305070232e-38-1.7521448150960963e-19j)
3.1441286e+38,-8.052455044658632,9.652511070611112,quadratic_two_complex,(1.2805543257220008e-38+1.7521448292247001e-19j),(1.2805543257220008e-38-1.7521448292247001e-19j)
-3.1441287e+37,0.8052455044658633,-0.9652511070611112,quadratic_two_complex,(1.280554305070232e-38-1.7521448150960963e-19j),(1.280554305070232e-38+1.7521448150960963e-19j)
-3.1441287e+36,0.08052455044658634,-0.09652511070611113,quadratic_two_complex,(1.2805542792555222e-38-1.7521447974353416e-19j),(1.2805542792555222e-38+1.7521447974353416e-19j)
3.1441287e+37,0.8052455044658633,3.1441287e+37,quadratic_two_complex,(-1.280554305070232e-38+1j),(-1.280554305070232e-38-1j)
6.2882574e+37,-1.6104910089317266,6.2882574e+37,quadratic_two_complex,(1.280554305070232e-38+1j),(1.280554305070232e-38-1j)
1.5720643e+37,-0.40262275223293165,1.5720643e+37,quadratic_two_complex,(1.280554305070232e-38+1j),(1.280554305070232e-38-1j)
3.1441286e+38,-8.052455044658632,3.1441286e+38,quadratic_two_complex,(1.2805543257220008e-38+1j),(1.2805543257220008e-38-1j)
-3.1441287e+37,0.8052455044658633,-3.1441287e+37,quadratic_two_complex,(1.280554305070232e-38-1j),(1.280554305070232e-38+1j)
-3.1441287e+36,0.08052455044658634,-3.1441287e+36,quadratic_two_complex,(1.2805542792555222e-38-1j),(1.2805542792555222e-38+1j)
3.1441287e+37,-0.0,-1.4252653e+37,quadratic_two_real,0.6732830860148965,-0.6732830860148965
6.2882574e+37,0.0,-2.8505307e+37,quadratic_two_real,0.6732830860148965,-0.6732830860148965
1.5720643e+37,0.0,-7.1263267e+36,quadratic_two_real,0.6732830860148965,-0.6732830860148965
3.1441286e+38,0.0,-1.4252653e+38,quadratic_two_real,0.6732830854557129,-0.6732830854557129
-3.1441287e+37,-0.0,1.4252653e+37,quadratic_two_real,-0.6732830860148965,0.6732830860148965
-3.1441287e+36,-0.0,1.4252654e+36,quadratic_two_real,-0.6732830867138758,0.6732830867138758
3.1441287e+37,-0.0,-0.8052455044658633,quadratic_two_real,1.6003464031704087e-19,-1.6003464031704087e-19
6.2882574e+37,0.0,-1.6104910089317266,quadratic_two_real,1.6003464031704087e-19,-1.6003464031704087e-19
1.5720643e+37,0.0,-0.40262275223293165,quadratic_two_real,1.6003464031704087e-19,-1.6003464031704087e-19
3.1441286e+38,0.0,-8.052455044658632,quadratic_two_real,1.60034641607497e-19,-1.60034641607497e-19
-3.1441287e+37,-0.0,0.8052455044658633,quadratic_two_real,-1.6003464031704087e-19,1.6003464031704087e-19
-3.1441287e+36,-0.0,0.08052455044658634,quadratic_two_real,-1.6003463870397073e-19,1.6003463870397073e-19
3.1441287e+37,-0.0,0.0,quadratic_one_real,0.0,N/A
6.2882574e+37,0.0,0.0,quadratic_one_real,-0.0,N/A
1.5720643e+37,0.0,0.0,quadratic_one_real,-0.0,N/A
3.1441286e+38,0.0,0.0,quadratic_one_real,-0.0,N/A
-3.1441287e+37,-0.0,-0.0,quadratic_one_real,-0.0,N/A
-3.1441287e+36,-0.0,-0.0,quadratic_one_real,-0.0,N/A
3.1441287e+37,-0.0,0.9652511070611112,quadratic_two_complex,1.7521448150960963e-19j,-1.7521448150960963e-19j
6.2882574e+37,0.0,1.9305022141222223,quadratic_two_complex,1.7521448150960963e-19j,(-0-1.7521448150960963e-19j)
1.5720643e+37,0.0,0.4826255535305556,quadratic_two_complex,1.7521448150960963e-19j,(-0-1.7521448150960963e-19j)
3.1441286e+38,0.0,9.652511070611112,quadratic_two_complex,1.7521448292247001e-19j,(-0-1.7521448292247001e-19j)
-3.1441287e+37,-0.0,-0.9652511070611112,quadratic_two_complex,(-0-1.7521448150960963e-19j),(-0+1.7521448150960963e-19j)
-3.1441287e+36,-0.0,-0.09652511070611113,quadratic_two_complex,(-0-1.7521447974353416e-19j),(-0+1.7521447974353416e-19j)
3.1441287e+37,-0.0,3.1441287e+37,quadratic_two_complex,1j,-1j
6.2882574e+37,0.0,6.2882574e+37,quadratic_two_complex,1j,(-0-1j)
1.5720643e+37,0.0,1.5720643e+37,quadratic_two_complex,1j,(-0-1j)
3.1441286e+38,0.0,3.1441286e+38,quadratic_two_complex,1j,(-0-1j)
-3.1441287e+37,-0.0,-3.1441287e+37,quadratic_two_complex,(-0-1j),(-0+1j)
-3.1441287e+36,-0.0,-3.1441287e+36,quadratic_two_complex,(-0-1j),(-0+1j)
3.1441287e+37,-0.9652511070611112,-1.4252653e+37,quadratic_two_real,0.6732830860148965,-0.6732830860148965
6.2882574e+37,1.9305022141222223,-2.8505307e+37,quadratic_two_real,0.6732830860148965,-0.6732830860148965
1.5720643e+37,0.4826255535305556,-7.1263267e+36,quadratic_two_real,0.6732830860148965,-0.6732830860148965
3.1441286e+38,9.652511070611112,-1.4252653e+38,quadratic_two_real,0.6732830854557129,-0.6732830854557129
-3.1441287e+37,-0.9652511070611112,1.4252653e+37,quadratic_two_real,-0.6732830860148965,0.6732830860148965
-3.1441287e+36,-0.09652511070611113,1.4252654e+36,quadratic_two_real,-0.6732830867138758,0.6732830867138758
3.1441287e+37,-0.9652511070611112,-0.8052455044658633,quadratic_two_real,1.6003464031704087e-19,-1.6003464031704087e-19
6.2882574e+37,1.9305022141222223,-1.6104910089317266,quadratic_two_real,1.6003464031704087e-19,-1.6003464031704087e-19
1.5720643e+37,0.4826255535305556,-0.40262275223293165,quadratic_two_real,1.6003464031704087e-19,-1.6003464031704087e-19
3.1441286e+38,9.652511070611112,-8.052455044658632,quadratic_two_real,1.60034641607497e-19,-1.60034641607497e-19
-3.1441287e+37,-0.9652511070611112,0.8052455044658633,quadratic_two_real,-1.6003464031704087e-19,1.6003464031704087e-19
-3.1441287e+36,-0.09652511070611113,0.08052455044658634,quadratic_two_real,-1.6003463870397073e-19,1.6003463870397073e-19
3.1441287e+37,-0.9652511070611112,0.0,quadratic_two_real,3.070011453068133e-38,0.0
6.2882574e+37,1.9305022141222223,0.0,quadratic_two_real,0.0,-3.070011453068133e-38
1.5720643e+37,0.4826255535305556,0.0,quadratic_two_real,0.0,-3.070011453068133e-38
3.1441286e+38,9.652511070611112,0.0,quadratic_two_real,0.0,-3.070011502578854e-38
-3.1441287e+37,-0.9652511070611112,-0.0,quadratic_two_real,-3.070011453068133e-38,-0.0
-3.1441287e+36,-0.09652511070611113,-0.0,quadratic_two_real,-3.0700113911797346e-38,-0.0
3.1441287e+37,-0.9652511070611112,0.9652511070611112,quadratic_two_complex,(1.5350057265340664e-38+1.7521448150960963e-19j),(1.5350057265340664e-38-1.7521448150960963e-19j)
6.2882574e+37,1.9305022141222223,1.9305022141222223,quadratic_two_complex,(-1.5350057265340664e-38+1.7521448150960963e-19j),(-1.5350057265340664e-38-1.7521448150960963e-19j)
1.5720643e+37,0.4826255535305556,0.4826255535305556,quadratic_two_complex,(-1.5350057265340664e-38+1.7521448150960963e-19j),(-1.5350057265340664e-38-1.7521448150960963e-19j)
3.1441286e+38,9.652511070611112,9.652511070611112,quadratic_two_complex,(-1.535005751289427e-38+1.7521448292247001e-19j),(-1.535005751289427e-38-1.7521448292247001e-19j)
-3.1441287e+37,-0.9652511070611112,-0.9652511070611112,quadratic_two_complex,(-1.5350057265340664e-38-1.7521448150960963e-19j),(-1.5350057265340664e-38+1.7521448150960963e-19j)
-3.1441287e+36,-0.09652511070611113,-0.09652511070611113,quadratic_two_complex,(-1.5350056955898673e-38-1.7521447974353416e-19j),(-1.5350056955898673e-38+1.7521447974353416e-19j)
3.1441287e+37,-0.9652511070611112,3.1441287e+37,quadratic_two_complex,(1.5350057265340664e-38+1j),(1.5350057265340664e-38-1j)
6.2882574e+37,1.9305022141222223,6.2882574e+37,quadratic_two_complex,(-1.5350057265340664e-38+1j),(-1.5350057265340664e-38-1j)
1.5720643e+37,0.4826255535305556,1.5720643e+37,quadratic_two_complex,(-1.5350057265340664e-38+1j),(-1.5350057265340664e-38-1j)
3.1441286e+38,9.652511070611112,3.1441286e+38,quadratic_two_complex,(-1.535005751289427e-38+1j),(-1.535005751289427e-38-1j)
-3.1441287e+37,-0.9652511070611112,-3.1441287e+37,quadratic_two_complex,(-1.5350057265340664e-38-1j),(-1.5350057265340664e-38+1j)
-3.1441287e+36,-0.09652511070611113,-3.1441287e+36,quadratic_two_complex,(-1.5350056955898673e-38-1j),(-1.5350056955898673e-38+1j)
3.1441287e+37,-3.1441287e+37,-1.4252653e+37,quadratic_two_real,1.3386358649102377,-0.3386358649102378
6.2882574e+37,6.2882574e+37,-2.8505307e+37,quadratic_two_real,0.3386358649102378,-1.3386358649102377
1.5720643e+37,1.5720643e+37,-7.1263267e+36,quadratic_two_real,0.3386358649102378,-1.3386358649102377
3.1441286e+38,3.1441286e+38,-1.4252653e+38,quadratic_two_real,0.3386358644613077,-1.3386358644613077
-3.1441287e+37,-3.1441287e+37,1.4252653e+37,quadratic_two_real,-1.3386358649102377,0.3386358649102378
-3.1441287e+36,-3.1441287e+36,1.4252654e+36,quadratic_two_real,-1.3386358654714003,0.33863586547140023
3.1441287e+37,-3.1441287e+37,-0.8052455044658633,quadratic_two_real,1.0,0.0
6.2882574e+37,6.2882574e+37,-1.6104910089317266,quadratic_two_real,0.0,-1.0
1.5720643e+37,1.5720643e+37,-0.40262275223293165,quadratic_two_real,0.0,-1.0
3.1441286e+38,3.1441286e+38,-8.052455044658632,quadratic_two_real,0.0,-1.0
-3.1441287e+37,-3.1441287e+37,0.8052455044658633,quadratic_two_real,-1.0,-0.0
-3.1441287e+36,-3.1441287e+36,0.08052455044658634,quadratic_two_real,-1.0,-0.0
3.1441287e+37,-3.1441287e+37,0.0,quadratic_two_real,1.0,0.0
6.2882574e+37,6.2882574e+37,0.0,quadratic_two_real,0.0,-1.0
1.5720643e+37,1.5720643e+37,0.0,quadratic_two_real,0.0,-1.0
3.1441286e+38,3.1441286e+38,0.0,quadratic_two_real,0.0,-1.0
-3.1441287e+37,-3.1441287e+37,-0.0,quadratic_two_real,-1.0,-0.0
-3.1441287e+36,-3.1441287e+36,-0.0,quadratic_two_real,-1.0,-0.0
3.1441287e+37,-3.1441287e+37,0.9652511070611112,quadratic_two_real,1.0,0.0
6.2882574e+37,6.2882574e+37,1.9305022141222223,quadratic_two_real,0.0,-1.0
1.5720643e+37,1.5720643e+37,0.4826255535305556,quadratic_two_real,0.0,-1.0
3.1441286e+38,3.1441286e+38,9.652511070611112,quadratic_two_real,0.0,-1.0
-3.1441287e+37,-3.1441287e+37,-0.9652511070611112,quadratic_two_real,-1.0,-0.0
-3.1441287e+36,-3.1441287e+36,-0.09652511070611113,quadratic_two_real,-1.0,-0.0
3.1441287e+37,-3.1441287e+37,3.1441287e+37,quadratic_two_complex,(0.5+0.8660254037844386j),(0.5-0.8660254037844386j)
6.2882574e+37,6.2882574e+37,6.2882574e+37,quadratic_two_complex,(-0.5+0.8660254037844386j),(-0.5-0.8660254037844386j)
1.5720643e+37,1.5720643e+37,1.5720643e+37,quadratic_two_complex,(-0.5+0.8660254037844386j),(-0.5-0.8660254037844386j)
3.1441286e+38,3.1441286e+38,3.1441286e+38,quadratic_two_complex,(-0.5+0.8660254037844386j),(-0.5-0.8660254037844386j)
-3.1441287e+37,-3.1441287e+37,-3.1441287e+37,quadratic_two_complex,(-0.5-0.8660254037844386j),(-0.5+0.8660254037844386j)
-3.1441287e+36,-3.1441287e+36,-3.1441287e+36,quadratic_two_complex,(-0.5-0.8660254037844386j),(-0.5+0.8660254037844386j)
